source,scraped_at,url,sku,title,price,currency,rating,review_count,image_url,category,price_source,page,position,rating_scale,expedia_property_id,property_type,property_summary,bedrooms,beds,location_note,badges,amenities,stay_dates,price_note,listing_kind
vrbo.com,2026-09-14T15:26:16.243730+00:00,https://www.vrbo.com/pdp/lo/63925107?chkin=2026-11-14&chkout=2026-11-16&d1=2026-11-14&d2=2026-11-16&startDate=2026-11-14&endDate=2026-11-16&adults=2&regionId=2693&destination=Orlando%2C+Florida%2C+United+States+of+America&sort=RECOMMENDED&top_dp=154&top_cur=USD&selectedRoomType=326700175&selectedRatePlan=402321651&expediaPropertyId=63925107,63925107,The Point Hotel & Suites Orlando,154.0,USD,8.6,1299,https://media.vrbo.com/lodging/64000000/63930000/63925200/63925107/3a9727ba.jpg?impolicy=resizecrop&ra=fit&rw=455&rh=455,,card,1,1,10.0,63925107,Aparthotel,Aparthotel · 1 bedroom · 2 beds,1,2,Within Florida Center,,,,All fees included,search
vrbo.com,2026-09-14T15:26:16.247999+00:00,https://www.vrbo.com/pdp/lo/23110?chkin=2026-11-14&chkout=2026-11-16&d1=2026-11-14&d2=2026-11-16&startDate=2026-11-14&endDate=2026-11-16&adults=2&regionId=2693&destination=Orlando%2C+Florida%2C+United+States+of+America&sort=RECOMMENDED&top_dp=143&top_cur=USD&selectedRoomType=316020063&selectedRatePlan=385266872&expediaPropertyId=23110,23110,"Sheraton Vistana Resort Villas, Lake Buena Vista/Orlando",143.0,USD,9.2,6743,https://media.vrbo.com/lodging/1000000/30000/23200/23110/53e7e67e.jpg?impolicy=resizecrop&ra=fit&rw=455&rh=455,,card,1,2,10.0,23110,Aparthotel,Aparthotel · 2 bedrooms · 4 beds,2,4,"Orlando, 14.2 mi from Orlando",,,,All fees included,search
vrbo.com,2026-09-14T15:26:16.251692+00:00,https://www.vrbo.com/pdp/lo/1695932?chkin=2026-11-14&chkout=2026-11-16&d1=2026-11-14&d2=2026-11-16&startDate=2026-11-14&endDate=2026-11-16&adults=2&regionId=2693&destination=Orlando%2C+Florida%2C+United+States+of+America&sort=RECOMMENDED&top_dp=153&top_cur=USD&selectedRoomType=200379991&selectedRatePlan=391581781&expediaPropertyId=1695932,1695932,"The Berkley, Orlando",153.0,USD,9.6,2409,https://media.vrbo.com/lodging/2000000/1700000/1696000/1695932/d521dbeb.jpg?impolicy=resizecrop&ra=fit&rw=455&rh=455,,card,1,3,10.0,1695932,Aparthotel,Aparthotel · 4 bedrooms · 6 beds,4,6,"Four Corners, 20.2 mi from Orlando",,,,All fees included,search
vrbo.com,2026-09-14T15:26:16.253739+00:00,https://www.vrbo.com/pdp/lo/106949261?chkin=2026-11-14&chkout=2026-11-16&d1=2026-11-14&d2=2026-11-16&startDate=2026-11-14&endDate=2026-11-16&adults=2&regionId=2693&destination=Orlando%2C+Florida%2C+United+States+of+America&sort=RECOMMENDED&top_dp=228&top_cur=USD&selectedRoomType=325099817&selectedRatePlan=401491731&expediaPropertyId=106949261,106949261,Century Millenia,228.0,USD,9.0,146,,,card,1,4,10.0,106949261,Apartment,Apartment · 3 bedrooms · 4 beds,3,4,Within Florida Center,$90 off,,,All fees included,search
vrbo.com,2026-09-14T15:26:16.255751+00:00,https://www.vrbo.com/pdp/lo/456398?chkin=2026-11-14&chkout=2026-11-16&d1=2026-11-14&d2=2026-11-16&startDate=2026-11-14&endDate=2026-11-16&adults=2&regionId=2693&destination=Orlando%2C+Florida%2C+United+States+of+America&sort=RECOMMENDED&top_dp=104&top_cur=USD&selectedRoomType=48413&selectedRatePlan=109025&expediaPropertyId=456398,456398,Club Wyndham Cypress Palms,104.0,USD,9.0,1975,,,card,1,5,10.0,456398,Aparthotel,Aparthotel · 2 bedrooms · 4 beds,2,4,"Kissimmee, 16.3 mi from Orlando",,,,All fees included,search
vrbo.com,2026-09-14T15:26:16.257136+00:00,https://www.vrbo.com/5412130?chkin=2026-11-14&chkout=2026-11-16&d1=2026-11-14&d2=2026-11-16&startDate=2026-11-14&endDate=2026-11-16&adults=2&regionId=2693&destination=Orlando%2C+Florida%2C+United+States+of+America&sort=RECOMMENDED&top_dp=149&top_cur=USD&selectedRoomType=134274246&selectedRatePlan=00048c94d92c651e407ab454e660ad7509d4&expediaPropertyId=134274246,5412130,Stay Near Universal Orlando with Outdoor Pool,149.0,USD,,,,,card,1,6,,134274246,Hotel,Hotel · 1 bedroom · 2 beds,1,2,Within International Drive District,,,,All fees included,search
vrbo.com,2026-09-14T15:26:16.259217+00:00,https://www.vrbo.com/pdp/lo/37613141?chkin=2026-11-14&chkout=2026-11-16&d1=2026-11-14&d2=2026-11-16&startDate=2026-11-14&endDate=2026-11-16&adults=2&regionId=2693&destination=Orlando%2C+Florida%2C+United+States+of+America&sort=RECOMMENDED&top_dp=107&top_cur=USD&selectedRoomType=218767870&selectedRatePlan=278249746&expediaPropertyId=37613141,37613141,Grand Lake Resort,107.0,USD,9.2,246,,,card,1,7,10.0,37613141,Aparthotel,Aparthotel · 2 bedrooms · 3 beds,2,3,"Four Corners, 19.2 mi from Orlando",,,,All fees included,search
vrbo.com,2026-09-14T15:26:16.261133+00:00,https://www.vrbo.com/pdp/lo/1068973?chkin=2026-11-14&chkout=2026-11-16&d1=2026-11-14&d2=2026-11-16&startDate=2026-11-14&endDate=2026-11-16&adults=2&regionId=2693&destination=Orlando%2C+Florida%2C+United+States+of+America&sort=RECOMMENDED&top_dp=114&top_cur=USD&selectedRoomType=325979432&selectedRatePlan=399776075&expediaPropertyId=1068973,1068973,"Vacation Village Orlando, Celebration",114.0,USD,8.6,5031,,,card,1,8,10.0,1068973,Aparthotel,Aparthotel · 2 bedrooms · 4 beds,2,4,"Kissimmee, 17 mi from Orlando",,,,All fees included,search
vrbo.com,2026-09-14T15:26:16.262944+00:00,https://www.vrbo.com/pdp/lo/539487?chkin=2026-11-14&chkout=2026-11-16&d1=2026-11-14&d2=2026-11-16&startDate=2026-11-14&endDate=2026-11-16&adults=2&regionId=2693&destination=Orlando%2C+Florida%2C+United+States+of+America&sort=RECOMMENDED&top_dp=128&top_cur=USD&selectedRoomType=316080825&selectedRatePlan=385404359&expediaPropertyId=539487,539487,"Sheraton Vistana Villages Resort Villas, I-Drive/Orlando",128.0,USD,9.2,3993,,,card,1,9,10.0,539487,Aparthotel,Aparthotel · 1 bedroom · 2 Double Beds,1,2,"Orlando, 12.2 mi from Orlando",,,,All fees included,search
vrbo.com,2026-09-14T15:26:16.264768+00:00,https://www.vrbo.com/pdp/lo/50734?chkin=2026-11-14&chkout=2026-11-16&d1=2026-11-14&d2=2026-11-16&startDate=2026-11-14&endDate=2026-11-16&adults=2&regionId=2693&destination=Orlando%2C+Florida%2C+United+States+of+America&sort=RECOMMENDED&top_dp=109&top_cur=USD&selectedRoomType=220564034&selectedRatePlan=409809621&expediaPropertyId=50734,50734,Villas at Fortune Place,109.0,USD,9.0,224,,,card,1,10,10.0,50734,Aparthotel,Aparthotel · 2 bedrooms · 5 beds,2,5,"Kissimmee, 16.6 mi from Orlando",,,,All fees included,search
vrbo.com,2026-09-14T15:26:16.266699+00:00,https://www.vrbo.com/5143930?chkin=2026-11-14&chkout=2026-11-16&d1=2026-11-14&d2=2026-11-16&startDate=2026-11-14&endDate=2026-11-16&adults=2&regionId=2693&destination=Orlando%2C+Florida%2C+United+States+of+America&sort=RECOMMENDED&top_dp=214&top_cur=USD&selectedRoomType=127204929&selectedRatePlan=00048e28ac06a0d0417c8dbb30e852dd76e2&expediaPropertyId=127204929,5143930,Bright 2-bedroom apartment at WESTGATE PALACE Resort next to UNIVERSAL STUDIOS,214.0,USD,10.0,5,,,card,1,11,10.0,127204929,Apartment,Apartment · 2 bedrooms · 4 beds,2,4,Within International Drive District,,,,All fees included,search
vrbo.com,2026-09-14T15:26:16.268624+00:00,https://www.vrbo.com/4325619?chkin=2026-11-14&chkout=2026-11-16&d1=2026-11-14&d2=2026-11-16&startDate=2026-11-14&endDate=2026-11-16&adults=2&regionId=2693&destination=Orlando%2C+Florida%2C+United+States+of+America&sort=RECOMMENDED&top_dp=185&top_cur=USD&selectedRoomType=111379094&selectedRatePlan=0004b7f90bdd5536445e8951a02b7ec649d2&expediaPropertyId=111379094,4325619,Charming City Nest!,185.0,USD,9.6,4,,,card,1,12,10.0,111379094,House,House · 3 bedrooms · 4 beds,3,4,Within Lake Fairview,,,,All fees included,search
